"Pobre","Proporcion"
"0",0.79980601357905
"1",0.200193986420951
