"Pobre","n","proportion"
"No Pobre",131936,79.980601357905
"Pobre",33024,20.0193986420951
