"Pobre","n","proportion"
0,131936,79.980601357905
1,33024,20.0193986420951
