"variable","correlacion_con_pobreza"
"n_menores",0.363886697882035
"Ingtotugarr",-0.303371383025448
"Ingpcug",-0.28157490810991
"Npersug",0.240436984047804
"Nper",0.237248899542081
"n_miembros",0.237248899542081
"n_mujeres",0.209973060605506
"edad_promedio",-0.201970942042055
"P5000",-0.144837784172073
"P5090",0.143424515460663
