"variable","pct_outliers","min_value","max_value"
"Lp",12,167222.477630338,303816.690226449
"P5000",10.74,1,98
"Ingpcug",8,0,88833333.3333333
"P5130",7.47,98,6e+08
"n_mujeres",7.38,0,14
"Ingtotugarr",7.09,0,88833333.3333333
